Games,7583.132363503752,03-30-2018
Gift,5081.721158153048,03-03-2010
Bill,576.6891956511063,09-15-2012
Gift,1527.9092608010524,12-25-2015
Services,-3970.079619285807,07-13-2011
Insurance,-9906.693639637147,11-05-2010
Supplies,4941.935215457899,11-06-2012
Services,5198.902828637278,04-09-2016
Supplies,5891.418145447513,06-16-2016
Supplies,-8980.787923564287,10-02-2018
Medical,8570.296937231513,07-17-2011
Fuel,-5240.760991633011,01-07-2013
Fuel,2649.677693348516,08-22-2015
Fuel,-2700.4432366904684,02-09-2011
Medical,-5473.69434300911,03-21-2016
Medical,2324.2269101082384,09-03-2017
Games,-7280.05893681341,02-24-2013
Gift,7001.939499082215,04-28-2018
Insurance,-5520.178539749288,01-04-2018
Games,-8232.852876649868,09-06-2018
Groceries,5750.1478923526265,01-17-2012
Gift,-1235.3560156839103,09-14-2014
Insurance,-8908.996722164527,07-20-2016
Games,-1589.9655163422503,02-18-2012
Automotive,4315.637333232256,05-22-2013
Fuel,-8075.631309070288,01-11-2013
Services,-7836.669362569793,05-07-2015
Bill,-9419.057313400363,08-01-2010
Office,7767.461965437862,08-15-2013
Gift,6025.38605811428,06-07-2013
Bill,-3698.3784183719345,12-19-2016
Games,-8021.286303509594,03-03-2011
Supplies,8106.022185706497,04-02-2010
Supplies,7801.559393692147,07-07-2015
Item,-6262.238286742337,03-14-2012
Insurance,5993.341769756265,06-01-2016
Insurance,-2509.9978432604876,06-23-2018
Bill,6242.1805875548525,09-17-2018
Insurance,-9462.350390599206,09-13-2011
Bill,-9037.981650979547,03-15-2015
Insurance,-646.1256211666769,08-27-2011
Bill,4497.121172209339,11-29-2010
Bill,9578.636067793814,12-29-2012
Supplies,8798.003300749187,05-03-2018
Fuel,-1904.4714150057753,07-09-2014
Insurance,1146.319932511371,12-26-2016
Supplies,7487.524874054288,05-06-2013
Services,8511.481188020807,11-15-2014
Office,-4091.160533188933,07-24-2015
Office,-7246.831867161214,08-09-2014
Fuel,-6845.0223732130835,12-16-2015
Groceries,-9151.399387699406,04-07-2018
Services,9574.29747897248,04-03-2012
Groceries,4640.870183048433,01-16-2015
Supplies,492.94996207366785,03-24-2010
Item,-9393.075638764596,11-16-2018
Automotive,-5115.913682936431,01-21-2015
Item,7475.405954679336,03-03-2018
Bill,-4222.437198297844,05-29-2011
Medical,9142.549786330543,10-27-2013
Services,-8133.716341290154,06-22-2010
Insurance,3508.241083343446,10-25-2011
Supplies,8220.60415061528,06-18-2014
Supplies,-8833.812561457786,09-10-2015
Bill,86.13535411968769,01-08-2016
Groceries,8226.464579288848,09-20-2011
Office,1338.6233612685319,04-23-2017
Item,7132.521346078283,10-22-2014
Automotive,40.644999537460535,02-05-2015
Fuel,-9322.430919037934,06-16-2015
Medical,-7760.6271800760915,03-30-2017
Gift,-4640.796685973712,12-25-2016
Item,-5974.013977426814,03-18-2011
Insurance,8880.612628828756,06-18-2016
Office,-3878.8682427216427,01-25-2014
Games,-3531.1380777379254,09-03-2017
Insurance,7845.545828792114,10-05-2018
Gift,5505.04081698809,05-17-2015
Automotive,4081.21721752297,07-27-2013
Item,-3170.454476706026,02-15-2011
Automotive,-6660.331348104895,12-25-2014
Item,-6607.028780365536,02-19-2014
Item,-6244.210736839422,07-10-2017
Groceries,7376.045441548009,06-19-2017
Games,956.4676044748303,01-16-2014
Games,520.2802746892066,10-24-2014
Games,4363.81346361346,05-04-2012
Fuel,-473.4309052509161,04-16-2010
Fuel,-8553.656999855826,03-01-2018
Games,-363.64376240126876,02-08-2012
Automotive,403.84719312117886,01-07-2016
Insurance,866.2862751027387,06-26-2011
Groceries,6251.128743121641,06-10-2010
Gift,-908.0744388851544,04-19-2015
Gift,1553.084397205448,01-16-2011
Medical,-148.72720950114126,11-12-2017
Item,-2727.92582722299,04-25-2010
Item,-1741.1283402498593,08-18-2010
Fuel,-9756.1209728256,01-23-2018
Games,993.4343425354127,06-26-2012
Supplies,8439.143883306231,07-14-2018
Supplies,-6534.4795235415,12-06-2014
Gift,2943.7482350347746,09-01-2016
Gift,9819.00798485434,08-29-2018
Fuel,3867.4035742437227,03-20-2013
Bill,-1484.6213329229213,11-16-2011
Groceries,6340.636839101951,06-28-2015
Services,-9649.723884658126,08-25-2014
Services,-9625.45837918239,01-10-2013
Automotive,-2373.1536014540497,12-14-2011
Games,-4563.990718083659,03-10-2012
Fuel,6942.157714756271,05-28-2014
Office,5746.848121768042,08-08-2014
Office,-1974.0292674284856,11-09-2018
Games,6974.109703652281,06-11-2017
Services,-2987.626712926237,09-13-2015
Groceries,-1620.7279549861705,09-22-2012
Fuel,-5556.184684054997,05-11-2011
Office,-1313.481610122948,08-18-2010
Medical,1535.9112991027923,08-20-2013
Groceries,8778.441653707327,09-12-2012
Games,-1585.4290641188545,10-22-2016
Bill,2506.9137547268183,05-17-2010
Supplies,6131.5554547533375,03-23-2016
Office,-1094.179122779411,06-24-2010
Services,1540.0559445574727,01-23-2018
Groceries,-1788.276810686637,08-06-2014
Gift,-2849.740001539063,04-07-2010
Fuel,1451.4584674140733,05-29-2015
Supplies,-6219.216076281631,12-25-2013
Insurance,-7131.862617681882,05-28-2012
Services,-5617.800974208464,05-23-2018
Games,-2132.9356281035407,03-12-2015
Groceries,5353.313612177415,01-18-2013
Medical,-8978.262273332592,08-17-2016
Office,4831.336876964026,12-14-2017
Supplies,1350.4285976575538,01-14-2010
Fuel,3958.1242808442767,07-05-2014
Automotive,731.7654284939217,04-04-2013
Automotive,-9536.589367918972,05-25-2011
Gift,-1038.5171754851235,07-06-2017
Supplies,-2168.212051739073,04-08-2014
Automotive,1362.8543630873264,07-26-2012
Medical,-3084.7696388094682,05-14-2014
Fuel,-4336.419252786325,05-19-2013
Automotive,9511.747323276843,04-30-2014
Services,467.8098935056405,12-18-2016
Gift,9860.25009674238,06-16-2012
Games,2321.8613334549063,11-11-2012
Groceries,-4778.464529109186,06-23-2012
Gift,9146.823247228996,09-23-2012
Services,-8942.610259556695,03-30-2018
Supplies,-446.1675355403131,09-07-2012
Fuel,-9571.19577244692,04-22-2014
Supplies,7944.268181094583,09-14-2016
Gift,-2932.8954703273903,12-22-2013
Office,9815.602365373536,02-19-2014
Office,3398.063343355627,04-21-2017
Groceries,-1354.9761442074632,08-09-2018
Office,200.7558285149753,03-20-2018
Insurance,1220.4567740593066,12-02-2010
Insurance,-4545.44489271342,07-01-2013
Supplies,1258.0407154112636,09-28-2014
Gift,-6523.651551637426,10-11-2014
Services,8324.774450014738,12-11-2018
Games,-804.7638230800676,03-07-2013
Item,25.65436198563475,02-01-2014
Services,9185.732796184333,11-22-2013
Gift,7479.542024354243,01-09-2013
Games,-5972.649821067146,05-21-2017
Item,7472.923743214611,05-28-2015
Gift,-5864.584939810819,08-10-2010
Bill,7334.01931875385,01-27-2018
Fuel,2184.621109124075,10-18-2018
Supplies,1312.0640705650658,08-15-2015
Medical,3705.1333514481266,07-13-2018
Medical,8691.382353186353,06-29-2015
Groceries,7765.621717712191,10-30-2010
Item,-4557.188313036147,08-29-2012
Fuel,1575.3967643367432,04-24-2016
Groceries,-7845.547607342998,07-12-2015
Insurance,-3641.598472147847,07-01-2016
Insurance,-6659.646661455969,01-08-2018
Games,2307.2199822556904,03-22-2018
Gift,6862.911810476115,09-29-2012
Office,3459.9979886838064,05-29-2016
Groceries,-201.77528654169146,04-05-2017
Automotive,9914.304330890165,07-23-2010
Gift,-888.3343276793348,04-06-2014
Gift,6168.974388705217,12-15-2015
Medical,-4705.635418911116,05-17-2011
Gift,7149.964156949598,01-27-2012
Office,-4246.68448403188,05-17-2014
Groceries,-5476.331110089339,11-25-2011
Supplies,6174.297522765548,05-26-2015
Item,-2561.8889891070266,03-15-2012
Groceries,4025.9737467238792,03-30-2011
Games,-3621.6335866983454,01-09-2018
Insurance,-6603.806598947129,02-12-2018
Games,-5790.345011135189,10-21-2013
Insurance,6810.937595991836,10-03-2018
Insurance,2854.1325231138308,01-25-2016
Insurance,-7241.658703197091,08-05-2012
Automotive,-9137.295968632894,07-04-2015
Bill,313.01927492727555,06-19-2014
Item,-9829.410370528627,03-02-2015
Item,-9669.659389550146,03-18-2013
Insurance,8646.975833022512,08-17-2018
Medical,-230.38623578133956,03-03-2015
Bill,-1940.562621416966,07-08-2014
Services,8235.11764353338,10-20-2015
Groceries,9479.869580075854,02-15-2011
Games,8032.862117562512,12-14-2018
Automotive,4980.0567888162095,03-26-2011
Medical,7979.631649118161,04-19-2016
Office,-3966.3237019424605,09-19-2017
Supplies,1732.5532076467098,05-02-2012
Item,-3997.940666479898,09-15-2010
Fuel,-8792.063970893929,08-16-2011
Services,2390.4338830384986,03-02-2013
Insurance,215.6847142118895,04-06-2010
Insurance,-9510.80693315441,05-21-2018
Fuel,-8948.971211762406,09-01-2018
Automotive,5142.968423116834,12-28-2015
Gift,3571.8927254112314,01-01-2018
Fuel,3613.523233198861,09-14-2012
Bill,1173.7121927977641,02-21-2014
Office,-2972.3080069923344,11-16-2010
Supplies,-2207.7718021329474,04-06-2018
Services,-1751.643018432298,01-14-2011
Insurance,4169.463667030963,07-07-2013
Office,3006.7636250201194,05-17-2015
Automotive,7472.052401011995,07-13-2016
Insurance,1932.905720920824,04-04-2013
Automotive,-3869.8981316936433,10-04-2015
Bill,2174.2395903489632,10-11-2010
Fuel,9457.09556785682,05-02-2018
Groceries,-2628.797385591526,02-06-2015
Services,17.80675862809403,12-01-2012
Fuel,7942.885572919618,05-02-2016
Bill,4445.012328288469,10-18-2018
Bill,4322.339665974578,06-14-2014
Services,-3107.1573131072537,09-11-2014
Groceries,-6324.658052268682,09-14-2013
Fuel,-2206.9631405321206,09-28-2014
Supplies,-4241.393946883427,07-26-2016
Medical,1101.1092110391,12-09-2013
Medical,-8744.626341401014,06-28-2015
Office,5645.639224699351,01-12-2018
Medical,-8187.355810408741,02-13-2013
Automotive,3201.425291444506,01-01-2015
Office,-3948.040616618893,09-17-2012
Bill,-2015.653775850934,09-08-2014
Office,-8695.718564995792,01-24-2016
Bill,2713.236788458731,09-25-2016
Games,3311.012070636669,01-15-2011
Services,-3684.8126303795725,04-14-2016
Item,-7467.793252419911,02-19-2012
Office,-8308.781956703977,11-10-2017
Games,-1783.4457353998241,05-02-2011
Services,447.4982264867813,07-26-2010
Supplies,2535.2120433793643,04-13-2017
Fuel,9684.01720274545,08-08-2016
Bill,4695.198693539098,12-12-2013
Insurance,6181.098081857337,10-07-2017
Games,-2827.757091235907,01-27-2014
Groceries,-9189.824857436473,05-13-2011
Supplies,6494.8121483342875,10-15-2018
Fuel,-6292.857904028633,06-17-2011
Services,-6859.9798036085085,06-11-2018
Supplies,4485.036802562738,04-17-2014
Item,8150.292267335921,10-23-2011
Games,-4858.777676901121,04-22-2018
Automotive,7441.558350749048,12-16-2011
Office,-7241.754161692828,02-22-2014
Services,3156.38736834253,10-02-2016
Automotive,8845.584368985801,04-24-2013
Games,9838.399443995342,12-16-2011
Bill,9272.198522294751,07-13-2016
Gift,1999.548303452406,09-03-2017
Fuel,-1939.4068252952093,08-07-2017
Services,-536.0620329123321,01-01-2011
Groceries,7527.616784452777,06-30-2014
Supplies,3657.814745462525,11-17-2011
Supplies,-8146.118807766003,12-12-2012
Item,-1955.2586940831288,10-12-2017
Gift,9443.175717119288,10-01-2018
Games,-9240.220340846146,11-10-2015
Fuel,-2491.1279705044008,07-16-2018
Supplies,9071.28437219793,08-01-2014
Office,9121.907452959538,01-14-2016
Supplies,-9199.299736280585,11-10-2012
Automotive,-4787.329425971563,03-04-2014
Medical,4779.072466733634,04-15-2012
Bill,-8712.116825918203,05-09-2017
Groceries,-6354.138345891344,06-09-2016
Item,-1733.408479351805,01-23-2010
Item,-9054.363490449572,08-11-2015
Gift,9032.448723015408,05-27-2010
Insurance,9008.320914879303,12-17-2010
Automotive,5030.859447155068,03-02-2014
Item,3278.431531709808,10-27-2012
Automotive,-8689.909760201454,04-18-2014
Supplies,6670.206753517188,10-22-2013
Bill,2428.3263309336708,07-05-2014
Bill,8563.18871233266,03-28-2018
Games,-2950.2394655671123,07-24-2013
Item,6923.757432042843,06-21-2012
Groceries,5070.304025373898,01-06-2014
Bill,-1238.1875646308654,12-06-2013
Fuel,-201.69772798408667,10-03-2010
Automotive,-959.6619109152653,12-18-2014
Item,8930.909390971454,04-25-2012
Groceries,-3106.562803185114,10-27-2018
Medical,-5511.63218626473,03-05-2013
Supplies,1532.6854955196231,07-27-2018
Fuel,3984.5966781454863,11-09-2014
Fuel,-198.20458919276825,04-21-2012
Services,6224.032822456509,10-21-2012
Office,-442.3198632369149,08-24-2015
Office,6334.8226725853565,12-15-2018
Insurance,4806.577764892474,10-28-2016
Games,9903.063557560366,06-30-2017
Insurance,2013.9525588461602,06-18-2011
Medical,-2899.908303834344,05-17-2012
Bill,4755.993654807926,11-05-2017
Item,-954.4038145538343,10-28-2011
Bill,-6279.302538333289,08-22-2018
Office,-7313.112910518756,02-27-2017
Office,9142.281547017828,06-29-2018
Fuel,-7625.242761209618,07-18-2012
Bill,-3478.943211520149,07-12-2014
Fuel,-932.708036016289,08-18-2018
Supplies,-2288.5620621305216,11-12-2014
Supplies,-2504.460409491334,02-26-2011
Gift,-2764.49642562149,09-21-2017
Groceries,1292.3778801114167,09-10-2010
Groceries,-2607.028183061284,01-13-2017
Automotive,2444.026807766584,09-29-2013
Supplies,-9902.334751190405,01-02-2010
Automotive,8710.720418624645,10-16-2015
Gift,-6604.972854806215,12-29-2014
Games,-2070.1539854732846,11-02-2010
Games,-3362.9355984483354,03-27-2014
Office,-3775.31493243783,05-19-2018
Services,954.7288584677044,05-24-2010
Office,5770.4997880104165,05-22-2012
Fuel,6930.288273050359,09-15-2012
Bill,-7594.595282010061,12-23-2012
Fuel,-4496.831661151046,04-11-2013
Groceries,2317.02584857478,04-08-2014
Fuel,-7275.8757735245,12-07-2016
Gift,6400.651778828891,02-06-2017
Supplies,5898.943978548585,03-16-2016
Bill,-403.80976752843344,01-18-2011
Item,-4858.76462025496,10-28-2012
Insurance,-2691.903535240014,08-27-2010
Groceries,-2096.270888248124,04-11-2018
Bill,1445.2303321732543,06-19-2010
Games,7510.975771291254,06-29-2011
Automotive,-7950.29251488214,01-13-2013
Item,-6782.145435772336,03-02-2018
Supplies,7090.91659268978,02-18-2016
Insurance,-2675.018254618575,05-19-2014
Office,-9228.64554734595,01-15-2010
Item,3163.4325292037483,12-23-2011
Supplies,-9574.495158942049,10-03-2014
Item,399.2024255372344,02-13-2016
Groceries,2404.9305846667594,03-17-2014
Automotive,5497.078148551967,09-21-2013
Services,-342.0776504922105,12-19-2014
Insurance,-4968.933132442643,09-15-2010
Medical,7268.612535712757,02-07-2012
Games,-2146.1862966651315,08-13-2014
Games,-930.6908702385081,07-12-2018
Gift,4272.515037767356,12-17-2017
Item,8444.151280247002,01-23-2013
Fuel,1968.2748498048313,07-12-2011
Bill,-7722.1706248946775,04-22-2010
Insurance,396.65129995801544,11-02-2011
Supplies,9158.355776006141,01-13-2016
Item,9088.86784915685,07-10-2011
Gift,4718.433492948328,02-17-2015
Insurance,-2782.190364205173,02-22-2017
Games,-490.7623334982509,11-06-2010
Supplies,8895.05987439122,07-25-2010
Supplies,1969.0460240031152,01-04-2010
Gift,-6868.144075200948,01-29-2016
Gift,-7384.460075441426,01-07-2010
Games,-8252.488897247309,12-23-2010
Games,105.42915511479987,03-26-2012
Medical,-9424.428378451235,05-21-2011
Groceries,-2368.3247657753027,06-16-2011
Supplies,-2754.703807158703,12-11-2018
Groceries,4442.751727168357,12-07-2016
Groceries,6061.011879173715,06-04-2014
Medical,-4941.633881023677,02-13-2012
Automotive,833.9835032680767,04-08-2015
Services,-6177.317998392402,09-26-2018
Services,-977.2515152411979,03-10-2016
Insurance,8392.570040746468,07-04-2013
Services,4602.885651977558,02-22-2014
Games,9030.591858787706,06-04-2014
Services,7422.941875667322,05-30-2010
Fuel,5398.545107510943,01-26-2011
Bill,8429.311693944019,05-14-2012
Games,5978.256752257152,11-21-2014
Insurance,3391.222988954809,10-13-2013
Services,-7854.796812107738,03-12-2017
Services,3272.190271841697,07-04-2012
Automotive,-3036.8005655670368,06-02-2014
Gift,-6866.6023935897665,02-06-2010
Automotive,3443.1701846132637,08-10-2013
Fuel,9686.966555307077,08-28-2018
Groceries,6616.628024592286,07-19-2016
Office,1925.0000823116115,12-25-2015
Supplies,4428.2571709228705,11-07-2018
Games,1528.2015433917695,01-30-2011
Bill,-6922.327507197637,03-10-2013
Supplies,7212.785742849941,01-24-2016
Games,-223.6699815326665,02-15-2012
Bill,7325.831984652759,11-09-2013
Groceries,9482.435669733892,05-23-2018
Gift,-9320.75410567479,05-02-2015
Fuel,-602.157515019242,02-20-2015
Groceries,9965.592306786402,11-11-2013
Office,6032.13131935469,03-28-2018
Bill,-6417.702465341299,03-13-2016
Medical,-7551.419891475794,02-13-2014
Groceries,9073.61332941582,12-01-2013
Games,-1294.6231953795832,12-16-2016
Groceries,-1235.70539595226,11-19-2018
Gift,-4893.5530103957835,11-07-2016
Fuel,9899.763512836973,06-15-2011
Office,-2894.5172751084656,11-04-2017
Medical,7431.573178952844,11-11-2013
Office,1802.4009242811371,07-04-2012
Item,-2486.189221728625,12-04-2013
Insurance,-9015.630907557663,03-03-2015
Groceries,9137.748874880705,03-02-2012
Games,4456.9341826571945,03-11-2018
Games,5773.026258897398,02-25-2013
Medical,2660.5109180448962,01-15-2010
Item,-638.9749470515744,06-22-2011
Insurance,9761.767870825359,11-18-2011
Office,-3210.6169116833107,02-29-2016
Bill,849.1052945305564,07-21-2010
Supplies,647.8070760122791,01-06-2015
Services,659.7163115048625,07-17-2015
Bill,8519.026186365998,08-05-2018
Groceries,348.42710210863515,03-08-2017
Gift,-9498.05840650211,02-13-2018
Automotive,-5086.042294879103,12-01-2012
Automotive,5616.22441898018,12-29-2014
Gift,1577.1260459837722,01-29-2017
Supplies,-7969.070276535229,12-05-2010
Gift,-8978.775252507849,07-09-2016
Supplies,1838.5543563594365,12-10-2015
Insurance,-5867.003707910294,04-11-2012
Item,1817.5041122710172,02-09-2013
Medical,-288.2838984771788,07-24-2012
Gift,-8940.418709864804,06-10-2018
Fuel,-655.4665885229188,03-12-2016
Groceries,-6433.019403987779,02-16-2014
Gift,-2108.1945112936355,02-06-2017
Insurance,8339.852733814401,12-30-2010
Fuel,-1787.6290507797494,06-30-2016
Supplies,5787.83162450232,06-29-2018
Games,-8876.08826444458,05-28-2017
Fuel,2526.532882099964,08-23-2018
Services,3188.475004757509,02-17-2015
Automotive,-2905.0380375200293,06-04-2011
Bill,-9398.835845767971,08-26-2017
Gift,-2503.448904991885,07-28-2010
Insurance,4916.75335607361,02-22-2018
Services,-6317.812380804144,05-11-2017
Fuel,1062.8002433341808,10-15-2015
Games,-9572.337261917468,01-23-2018
Supplies,-1640.483093067951,12-21-2010
Insurance,92.4708820243286,02-12-2014
Bill,-2790.519264713147,08-15-2018
Gift,2376.353174508091,06-24-2015
Bill,6660.0143923743235,04-14-2014
Office,-3378.5330220465057,12-23-2018
Insurance,-2083.972849041613,03-29-2010
Games,-1038.9553602826836,11-29-2014
Office,-4357.960809632679,02-26-2014
Insurance,4522.001229310552,02-28-2013
Insurance,9902.329642317876,08-23-2018
Automotive,-2906.3975409571112,07-12-2010
Bill,7023.393167842569,08-26-2014
Groceries,3634.095033166679,08-18-2012
Supplies,5511.490300033536,06-24-2017
Office,7471.664606775925,06-30-2016
Gift,-5779.231740007016,03-22-2014
Services,-3852.7823388707593,04-24-2014
Games,2857.51711780802,09-25-2014
Office,-8061.153810637616,10-11-2016
Bill,1049.3963804780997,01-15-2010
Insurance,4908.4547375634575,12-18-2017
Bill,-9156.811669546929,04-27-2010
Gift,-160.58762847668186,07-09-2018
Services,671.58145795573,05-13-2016
Office,-4977.678741013865,04-12-2017
Gift,6411.972298930159,02-14-2013
Groceries,8138.53110682312,01-08-2017
Item,9824.036608773622,07-06-2012
Gift,-6555.022040835565,10-08-2011
Fuel,6886.181558051419,03-25-2018
Insurance,6348.759659442083,08-01-2012
Gift,-8345.299025363409,08-14-2011
Services,-7142.357846086223,08-09-2017
Medical,6356.809513228625,12-07-2013
Automotive,-802.054219523021,07-13-2015
Gift,-574.4827696082393,07-22-2018
Bill,3311.014042418754,01-08-2018
Item,1828.7895730836572,11-07-2018
Services,7493.251027203594,02-07-2015
Automotive,-7111.591213311876,11-11-2015
Services,-2035.4293275986547,02-12-2016
Groceries,2188.6904918729797,06-04-2013
Item,-9219.455309473515,09-30-2011
Bill,-682.4972712391755,10-13-2011
Insurance,7701.611202538919,12-25-2011
Games,-8949.852126169644,02-21-2011
Insurance,-5832.060956264775,11-21-2010
Medical,-8018.600185884197,11-05-2018
Supplies,-6517.033070948899,04-28-2018
Automotive,3145.609299070413,03-30-2018
Bill,-3923.227966831204,02-24-2013
Automotive,265.092063901433,08-25-2016
Insurance,5009.327917119099,09-30-2015
Services,-6828.746327264327,03-27-2012
Medical,3702.878687414697,11-03-2017
Medical,7701.906358164688,08-01-2012
Item,-405.84212833962556,11-25-2010
Bill,5855.227917123595,06-23-2018
Supplies,8615.511929029799,05-29-2014
Bill,-3148.377604954886,09-28-2018
Gift,6106.2064547886475,10-08-2013
Medical,-3492.379045796867,03-23-2015
Supplies,-3809.1835294689336,08-07-2015
Games,3261.713843256337,11-13-2015
Fuel,-4577.336954558029,11-09-2010
Services,2423.883348569294,04-16-2018
Office,-528.7091021741071,09-22-2014
Supplies,4674.426344786583,10-11-2010
Item,1041.022575741632,07-11-2014
Bill,7251.672686283015,12-21-2012
Item,562.1878229389022,10-05-2012
Groceries,-3806.8063768319926,10-10-2018
Item,1329.759423186526,05-02-2014
Groceries,-7205.604484010843,06-02-2014
Games,-9179.64056953362,01-18-2010
Gift,7297.675009714025,05-06-2018
Office,8354.952931625648,12-25-2015
Services,-4287.006009334,01-17-2015
Office,4860.5604812193,03-04-2016
Services,2397.47898417527,01-26-2014
Office,7302.021948719648,06-14-2014
Gift,200.7993541253636,11-28-2018
Groceries,2798.7730078044424,02-04-2018
Supplies,-6959.583652797645,01-08-2018
Bill,-4781.232505891789,05-04-2018
Games,1944.5734281589903,10-04-2013
Office,-9828.363925830141,12-10-2012
Supplies,-3058.0921298241374,01-25-2016
Item,-1862.0452401826433,05-15-2012
Bill,-6451.878714815808,09-11-2013
Fuel,-4384.400453738724,11-15-2018
Automotive,6677.954703370513,01-27-2016
Insurance,1594.6836222207276,08-14-2010
Medical,7083.151882721031,11-05-2017
Bill,-7341.052200051204,07-08-2013
Medical,-815.1398983563759,11-23-2018
Medical,-8864.150709102134,12-25-2010
Medical,5545.33703201692,03-26-2012
Office,-6125.617588783581,01-17-2016
Gift,6134.675002411683,07-09-2011
Insurance,6626.004445994447,11-28-2010
Item,1731.8114166416108,12-27-2017
Services,3159.3659386605523,03-02-2018
Fuel,-5193.889919767047,10-03-2015
Supplies,6985.982582525427,05-08-2015
Supplies,419.62067825986014,12-07-2011
Insurance,5055.976590657294,08-05-2010
Office,-753.5433827606466,08-24-2012
Office,457.66253026915365,09-06-2015
Insurance,7712.923728950893,01-28-2017
Fuel,-1208.453437489372,03-29-2010
Bill,-7679.177398128981,07-11-2013
Groceries,-429.71053515306994,07-07-2015
Games,-9959.976728772515,01-02-2012
Office,9115.888213062299,07-01-2013
Office,670.7832728788471,08-17-2013
Office,9690.799691827542,03-18-2014
Fuel,-5480.414327738994,03-02-2011
Insurance,6030.446065164666,04-11-2012
Fuel,-3344.68231245862,03-09-2011
Item,-4627.371948526973,01-26-2010
Insurance,2278.696092046832,08-03-2010
Medical,1149.242601602713,01-23-2018
Medical,-5977.308232627012,05-29-2016
Medical,9674.502294608425,06-05-2018
Automotive,-3206.335410628254,04-15-2015
Supplies,-298.97996587259695,09-08-2013
Office,7362.725945120103,01-13-2011
Services,-1797.23062029613,10-09-2011
Fuel,-9562.20832657928,06-22-2014
Fuel,-5923.49863711712,04-20-2011
Fuel,9314.666904712809,07-23-2012
Games,1837.8218530703944,03-27-2016
Services,4158.581371874665,11-15-2016
Bill,7344.241753763497,10-25-2014
Insurance,-5943.337691380979,09-17-2012
Fuel,-62.771303539720975,09-21-2013
Supplies,-2429.840373341034,07-11-2013
Bill,-6696.94197635923,03-06-2011
Gift,-9221.375320496029,12-26-2018
Supplies,-734.7971983435473,03-30-2014
Automotive,-265.044358783347,11-25-2017
Fuel,-6591.442180305405,12-10-2015
Fuel,6641.043393487555,02-18-2011
Services,2980.071162971368,05-07-2013
Supplies,-5478.030982739415,04-18-2011
Groceries,305.83584287220765,03-19-2011
Services,-4851.9048688067405,11-04-2011
Bill,8718.44383316422,09-14-2016
Supplies,8667.234844980878,07-11-2017
Item,2719.9073605094854,01-22-2013
Item,2914.170800898024,01-14-2017
Services,5146.809924614294,02-12-2018
Bill,-4474.620433907408,03-23-2015
Item,7100.012693440869,05-20-2010
Groceries,5478.736923787841,12-05-2011
Groceries,2308.316899146341,07-25-2014
Gift,2989.4371822758276,05-22-2018
Automotive,7683.432629323001,05-19-2017
Fuel,1125.207844840079,03-02-2016
Services,2674.5276798294235,01-17-2014
Automotive,169.38492178649904,04-26-2016
Automotive,8538.997087672215,07-02-2015
Services,-9414.691073028396,06-27-2012
Gift,-2981.0292778193734,12-30-2018
Games,-5841.872084183848,11-24-2012
Automotive,8670.002841760492,06-05-2016
Games,-9938.82602789981,07-23-2011
Automotive,-7938.65717624958,10-06-2018
Office,-4423.0445031954105,07-01-2017
Fuel,4400.779793958596,09-02-2011
Insurance,5173.216996471272,07-10-2015
Insurance,5288.2403799370695,06-27-2014
Groceries,9580.760325690575,02-03-2013
Insurance,2040.6785758687256,02-07-2018
Bill,-5757.419078315331,06-27-2017
Insurance,-3561.6554050499662,07-10-2018
Gift,-2383.3930559823793,03-04-2013
Insurance,8213.792122419458,02-28-2011
Gift,-9257.228786645317,02-15-2012
Groceries,4846.992642101908,07-24-2010
Groceries,-5532.498392541421,08-18-2016
Insurance,-4737.761240458378,10-17-2012
Games,-3194.162275017189,04-11-2011
Supplies,7177.127986695847,04-14-2012
Insurance,-5023.485833346137,03-25-2016
Games,4775.38564088913,08-04-2013
Office,2344.270439009404,01-16-2017
Automotive,1020.626980958199,12-27-2011
Automotive,5334.6673699789735,10-09-2016
Insurance,-6433.100501887357,07-09-2018
Groceries,7650.546954100955,11-29-2015
Item,-3563.9544504522046,01-07-2012
Office,4929.301557821129,01-12-2014
Office,3316.0681245664255,07-13-2010
Item,-8737.95726003851,03-06-2011
Bill,-304.1385103518096,09-14-2016
Automotive,6487.898893691956,02-20-2018
Services,7609.344532528117,11-07-2011
Supplies,9429.819766698809,02-10-2017
Bill,1348.3058036104176,08-15-2013
Bill,-5384.367210271293,02-02-2014
Medical,-1737.386966204116,04-29-2011
Automotive,-1294.4368413574011,02-19-2010
Item,-5844.072943815972,08-25-2011
Item,5813.194734817158,02-20-2015
Groceries,-3425.802078142282,11-29-2013
Games,-1038.26650413664,04-11-2018
Automotive,5555.044178956761,11-26-2012
Groceries,6674.720268986446,07-15-2012
Fuel,-5446.826401975344,01-11-2014
Supplies,585.782301648409,06-16-2012
Services,-6012.706188174301,04-23-2014
Insurance,-8796.06752468289,12-03-2012
Automotive,6187.059783637767,12-04-2013
Gift,6640.054117945379,12-27-2016
Automotive,8786.488006898246,09-22-2018
Item,-6950.111842067634,11-22-2016
Fuel,-542.4771762816545,09-30-2013
Games,8454.780218050812,08-09-2011
Groceries,9261.055437066902,10-05-2014
Services,-6047.9975141102595,09-23-2016
Supplies,6082.231066443554,12-30-2016
Services,1422.3564366020455,07-20-2013
Supplies,194.34133160579586,09-20-2018
Services,5797.307141215051,04-25-2013
Insurance,7855.544692826948,08-16-2018
Item,-3313.1249840067167,05-19-2015
Office,8192.098473091595,06-08-2012
Services,-9568.825250310174,09-16-2011
Gift,-4019.7457023375673,10-19-2010
Bill,-6026.343879667866,05-16-2014
Supplies,-3861.481931697681,03-19-2017
Item,-1273.9721659635343,08-05-2011
Services,-7072.895126870009,08-26-2017
Bill,-9020.683067602327,02-20-2014
Gift,-8520.820907301919,10-22-2013
Fuel,-1599.1702962486706,02-14-2016
Automotive,-4871.608040472824,03-04-2015
Supplies,-4456.311035055332,09-19-2014
Bill,8131.343466078928,03-30-2013
Supplies,-1302.5625812192593,07-24-2014
Games,-793.5807964938249,12-11-2016
Games,-1749.3195343004063,03-22-2013
Services,-8470.969544760137,09-05-2012
Groceries,9258.174890868555,08-22-2014
Fuel,-5542.829520537398,08-13-2018
Services,-4844.044756462258,12-06-2010
Games,-8357.646257340431,09-09-2010
Supplies,-9587.731656414464,01-22-2013
Supplies,-45.94770122975751,12-13-2018
Games,3015.0919919631633,09-25-2011
Automotive,9767.632785334856,08-03-2011
Games,2567.0716733856007,01-26-2011
Groceries,-4093.885978997653,06-14-2013
Insurance,2686.656617813069,10-05-2018
Fuel,-8533.187491938119,06-23-2016
Gift,3513.276069989355,11-30-2012
Games,5799.669752528736,10-18-2015
Automotive,310.4100936523937,05-11-2015
Bill,-9758.23502144453,01-20-2012
Supplies,-5808.399492825502,01-29-2011
Supplies,8371.791441968864,08-14-2015
Medical,-9588.347436988815,06-05-2012
Fuel,4361.077569769268,05-18-2010
Groceries,-4168.28008138225,07-09-2012
Groceries,-3391.339363521888,12-13-2013
Medical,258.4857396085936,08-27-2015
Supplies,-7286.039513880325,08-10-2013
Medical,-5637.51469803875,12-13-2011
Supplies,-5268.696264582646,01-30-2015
Insurance,-9400.443223252814,09-09-2015
Item,4647.93479921106,08-25-2011
Item,-8394.23644699296,05-26-2015
Gift,-6474.230281160611,08-02-2016
Services,4335.628635219495,06-20-2018
Gift,-6545.996581869207,10-01-2018
Item,-2995.4950807546447,04-27-2010
Gift,9394.334873001859,02-01-2016
Medical,-8270.896942770714,01-17-2012
Office,3495.0292248986643,04-10-2015
Insurance,-1501.0695083670562,07-25-2011
Games,-6851.148519007222,11-08-2018
Medical,-1568.5968439608241,06-10-2017
Automotive,6930.077633608198,06-10-2018
Fuel,6653.016953331939,01-01-2016
Office,-9163.105888677685,01-09-2015
Services,908.9036543374859,05-21-2014
Office,-2430.4823683931945,10-20-2010
Fuel,-7753.274027163657,11-06-2012
Services,-9214.121946562464,08-09-2013
Insurance,-7226.12056121364,12-19-2016
Gift,6602.699839473538,12-12-2016
Automotive,-5712.282772637865,09-27-2013
Gift,-1430.1301503098766,09-16-2015
Fuel,5077.7231715453345,11-28-2017
Office,7772.064635309052,12-08-2018
Groceries,2759.5627978877765,08-04-2017
Games,4748.323729964903,08-18-2018
Automotive,3799.463788038309,01-15-2015
Games,8024.5636228376825,05-02-2010
Bill,-1588.2414892668621,02-19-2011
Item,8995.526229114956,06-07-2010
Automotive,8563.398025707826,12-10-2016
Games,-6246.68827133677,12-12-2010
Games,510.1103744982538,02-15-2014
Games,-1365.948822376391,07-13-2017
Medical,-1954.5649843708634,03-03-2017
Groceries,2449.412772766049,11-20-2012
Games,-7295.639914567833,06-21-2011
Office,9605.061219845764,05-17-2013
Gift,9578.521711477802,12-23-2015
Groceries,-5084.060074348687,02-28-2017
Item,7033.1895358452675,06-17-2017
Bill,3552.826024679369,01-06-2015
Insurance,3143.312510197473,07-21-2015
Item,-5846.923968726048,02-26-2011
Games,6575.024664130055,10-23-2015
Games,-4029.6442518589593,11-02-2010
Games,3231.0218540603655,06-12-2010
Insurance,-6394.544052795685,01-26-2016
Fuel,-1633.6540825217799,02-04-2018
Item,7247.580324787828,07-24-2013
Gift,-4008.825541746335,03-01-2011
Services,-330.21702916591494,10-20-2016
Supplies,9947.491754361283,03-09-2013
Groceries,983.0372289612515,02-25-2011
Medical,3627.75779072954,01-15-2010
Groceries,1192.8203412425464,03-24-2015
Fuel,-4740.783132420077,06-27-2014
Gift,2064.5576890584725,12-18-2012
Bill,3183.0614019430122,08-08-2013
Item,-7853.109991096046,09-23-2016
Automotive,-1398.4427663304214,11-28-2017
Item,-9206.017564101516,03-23-2016
Services,2649.257661270958,10-21-2015
Automotive,-7247.9502858640735,04-01-2013
Insurance,-1020.1718997844655,08-05-2010
Groceries,8725.45417672973,01-13-2017
Groceries,-6226.417786229296,08-01-2018
Games,-978.8627001633231,11-02-2016
Games,1400.8710937106553,03-23-2013
Supplies,6906.3829260247,05-24-2014
Gift,7973.724492832858,11-26-2018
Gift,1035.913404165738,09-30-2010
Medical,-3454.0671681286603,05-19-2012
Fuel,-2145.3076445073684,09-14-2014
Medical,9455.850669919171,05-16-2010
Fuel,6219.564769624865,07-03-2015
Bill,-4265.1445138451245,03-23-2010
Item,-1124.494747457471,09-16-2010
Bill,7928.434580685898,04-02-2018
Games,5452.849472423433,06-14-2015
Games,4209.530057949596,02-16-2016
Groceries,-3785.0563347353864,08-27-2010
Insurance,2230.8761099228923,02-25-2016
Medical,7088.213845293885,01-11-2018
Groceries,2502.850409021483,05-27-2011
Gift,-2931.741992950847,09-08-2012
Item,-4253.346372939423,06-16-2017
Bill,-3251.771164610149,01-14-2013
Insurance,3022.6790308586187,10-11-2015
Item,9604.027704765744,07-28-2012
Supplies,-5353.462294564213,04-20-2010
Supplies,-748.2680314766458,11-28-2010
Insurance,-3031.3709827243665,01-26-2015
Medical,-64.29447611057367,01-17-2018
Fuel,-9191.804421309535,09-18-2016
Supplies,3093.0886893400984,02-25-2014
Office,5312.737506655976,02-10-2017
Bill,-633.6840573373447,11-21-2011
Gift,2684.2582262641063,09-13-2013
Gift,-2392.9829748624607,08-24-2016
Supplies,-3186.608464552478,09-04-2014
Automotive,-4748.359562579633,02-13-2018
Supplies,-558.2511198279863,08-22-2015
Fuel,8283.46121959683,01-07-2017
Office,-4104.8500884077075,03-12-2013
Bill,-5528.240319052542,05-11-2013
Automotive,6371.512637852818,01-22-2013
Gift,-3345.987329432487,02-18-2017
Item,-6284.622479069321,09-15-2014
Item,-229.64969469681273,12-21-2017
Item,2867.0949347575206,03-03-2011
Medical,-2246.575145746674,05-11-2017
Automotive,-3148.0916238464188,01-09-2015
Office,6115.670815398156,11-04-2010
Fuel,-1801.7109424739683,03-11-2018
Insurance,366.79332205340506,11-11-2015
Insurance,-215.7920110838404,02-22-2015
Automotive,6756.694213935367,06-24-2018
Services,4855.344830796506,05-04-2013
Bill,-6895.000861994183,06-23-2015
Automotive,9703.81383103089,02-14-2017
Insurance,-3207.618371712855,05-01-2013
Gift,4415.632486286386,12-23-2016
Office,2808.054417049585,10-01-2015
Insurance,5178.0946144223035,01-23-2013
Fuel,-4158.376463942433,02-28-2012
Groceries,-3314.683109732093,04-18-2012
Bill,858.011826821039,08-05-2018
Services,-6195.340334419694,03-06-2018
Games,795.9021744063375,03-12-2018
Automotive,-705.6101134448381,06-30-2016
Office,7690.1349366838,10-28-2015
Insurance,8232.03065162056,04-01-2016
Medical,4656.262607636294,03-04-2011
Groceries,1974.185716978367,07-21-2015
Office,6123.0594280900605,01-22-2010
Gift,4785.464100120858,01-17-2010
Groceries,-1899.2906068090833,07-29-2013
Groceries,-2577.7113382142106,08-17-2012
Automotive,85.69986367362435,11-02-2010
Insurance,4425.097060626873,01-04-2017
Games,6697.681854929473,04-14-2018
Supplies,8960.519191392854,06-28-2014
Groceries,6900.693512284626,05-06-2011
Insurance,1876.876901877211,02-20-2015
Groceries,8575.784570859294,04-22-2013
Groceries,-5882.531252539751,04-02-2014
Supplies,8491.20614628421,12-27-2010
Groceries,5515.000419109983,01-28-2015
Gift,4879.485844358218,10-08-2018
Office,2817.8363248471014,09-06-2011
Insurance,9709.945825128467,04-20-2011
Fuel,-2062.1132550737075,01-25-2016
Bill,-1514.9695458693095,10-01-2011
Games,9036.594557948145,05-23-2018
Bill,446.2743243010391,04-06-2012
Medical,5167.978046037148,03-11-2011
Games,-4779.663581871694,11-05-2014
Automotive,-4423.195046694453,08-11-2014
Item,-7750.671450386723,06-25-2018
Services,-8981.050967498144,05-10-2011
Fuel,-3772.8131253879637,08-07-2013
Medical,-6944.328381902049,12-07-2015
Fuel,-87.9030118061346,02-05-2013
Automotive,-7587.8162143352365,10-13-2010
Services,123.5460542116034,12-07-2015
Fuel,-3765.7891576903094,07-07-2015
Bill,3793.4312405337405,09-01-2014
Games,1287.663611260039,02-17-2016
Groceries,-731.6221754566141,03-24-2011
Bill,3501.6963592143984,11-07-2015
Bill,-387.9983919144033,03-30-2010
Bill,-757.3117600333408,04-25-2018
Games,-4299.143601775521,10-04-2015
Fuel,8626.815246129623,12-19-2016
Bill,-971.7663554640949,04-20-2018
Automotive,2145.1294974288303,02-01-2014
Insurance,-779.5933921806554,11-12-2017
Services,-2186.743095254311,01-25-2013
Item,6537.300244806789,09-06-2018
Automotive,-6293.785204776994,02-20-2011
Office,2593.533380523295,11-20-2014
Insurance,9648.23293979848,03-28-2014
Insurance,6028.2694884099765,12-04-2013
Supplies,-638.9075156121398,07-10-2016
Bill,-2982.069632152031,12-18-2010
Supplies,708.2155605087064,10-07-2015
Office,3821.5441266843627,02-27-2018
Medical,-5206.2623686296465,12-01-2018
Office,-5256.0991304003865,06-26-2010
Groceries,5386.9511943096695,01-23-2014
Bill,-5921.24327666846,09-29-2010
Gift,-2943.977562643782,09-05-2013
Item,5147.634639478179,09-05-2017
Office,4936.598136344941,12-28-2011
Bill,-2813.6857367593057,01-16-2013
Gift,-9530.936791152593,01-21-2017
Bill,5570.439655735348,02-01-2012
Services,7763.61620022693,12-10-2012
Fuel,-7954.173523438332,08-04-2015
Office,-5641.765196369868,09-20-2012
Games,-1117.4633066402766,03-17-2010
Insurance,-9303.190361835646,01-05-2018
Medical,-838.3322814205858,01-28-2010
Medical,5161.526636943412,07-08-2016
Insurance,-4000.425538941481,11-22-2011
Groceries,-754.2843943742246,06-15-2016
Bill,-7002.028586283697,06-24-2018
Supplies,1564.1906108509156,02-26-2014
Insurance,3474.53995909446,09-03-2010
Games,-6206.690943137915,10-20-2010
Supplies,9284.369672552795,11-07-2014
Games,8050.922481232861,11-16-2012
Medical,-6192.722590912461,02-01-2016
Automotive,-1782.2275022545236,06-30-2015
Insurance,5781.839951662529,02-20-2011
Office,9630.089332733321,01-07-2017
Groceries,9258.364570252717,09-03-2010
Insurance,-2386.138548039201,04-01-2011
Item,-6522.968362454862,02-21-2011
Supplies,-1527.2020131636928,02-15-2010
Fuel,-1276.3912872461606,03-24-2010
Games,2585.1864978158774,03-19-2013
Automotive,-744.4995475807864,09-17-2018
Item,-8177.107677998205,10-24-2013
Games,-8380.017870933634,06-01-2015
Groceries,9004.495437103542,12-26-2012
Automotive,-9188.716276207193,07-15-2016
Supplies,9772.230510265115,01-30-2017
Groceries,-7246.677135020989,07-24-2014
Fuel,-5810.157784178589,03-09-2016
Fuel,9882.303477247326,12-01-2013
Gift,1358.8898488603154,09-03-2015
Gift,-2217.324885487639,05-08-2010
Automotive,3120.2921628653476,01-05-2010
Insurance,858.1044503192152,02-05-2010
Insurance,-2065.7815223054786,04-28-2010
Automotive,165.6657101563469,03-13-2014
Groceries,-8384.391931320413,01-23-2013
Fuel,8388.46131392425,09-23-2018
Item,-6142.056962756066,05-28-2013
Insurance,7363.849478633263,02-11-2011
Office,7330.129284648505,08-23-2018
Fuel,9828.435249347374,09-29-2013
Fuel,6318.8084074808685,07-04-2014
Games,6606.482782997493,02-22-2018
Office,3961.8545002814226,07-08-2013
Automotive,6187.475389584792,11-09-2018
Games,8441.527297234414,07-04-2011
